<?xml version="1.0" encoding="utf-8"?>
<modification>
    <code>plaza_engine</code>
    <name>Plaza Engine</name>
    <version>1.0</version>
    <author>Plaza Theme</author>

    <!-- Menu Left in Admin -->
    <file path="admin/controller/common/column_left.php">
        <operation>
            <search ><![CDATA[$catalog = array();]]></search>
            <add position="before"><![CDATA[
            // Plaza Engine
            $this->load->language('plaza/engine');

            if($this->user->hasPermission('access', 'plaza/engine')) {
                $data['menus'][] = array(
                    'id'       => 'plaza-dashboard',
                    'icon'     => 'fa-plaza',
                    'name'     => $this->language->get('text_plaza_engine'),
                    'href'     => $this->url->link('plaza/engine', 'user_token=' . $this->session->data['user_token'], true)
                );
            }
            ]]></add>
        </operation>
    </file>
</modification>